"Gene_name","p.value","mean.of.x","mean.of.y","delta"
"LPHN2",0.00699575772016007,0.592943382945307,0.376163279876454,0.216780103068853
"SNORA58.2",0.0283818914594562,0.730888469662023,0.506771911682447,0.224116557979576
"RNU7-97P",0.0327494608034091,0.850636897003596,0.647444232998505,0.203192664005091
"B3GNT7",0.0381173314089285,0.466499000375867,0.193473443483804,0.273025556892063
"DNAH10",0.0460113678572276,0.614503984826924,0.405010795238556,0.209493189588368
"LINC00529",0.0473383438248935,0.663915541213588,0.452530004789787,0.211385536423801
"AL356479.1",0.0483667426305224,0.776482735396388,0.519642373981457,0.256840361414931
